{
	"data": [
    {
      "imageUrl": "https://dig82prjykzgf.cloudfront.net/t01.jpg",
      "iconUrl":
        "https://pyt-images.imgix.net/images/web_app/about/milestones/icons/flag.png",
      "title": "The year it all began",
      "period": "Dec 2013",
      "description":
        "Two travellers discovered their flair for vacation planning on a EuroTrip. A year later, Pickyourtrail was born."
    },
    {
      "imageUrl": "https://dig82prjykzgf.cloudfront.net/t03.jpg",
      "iconUrl":
        "https://pyt-images.imgix.net/images/web_app/about/milestones/icons/map.png",
      "title": "The first trial",
      "period": "Dec 2013",
      "description":
        "Firsts are always cherished. Our wanderlust traveller took a 4-nights trip to Chiang Mai, Thailand. Happy travellers make us happy!"
    },
    {
      "imageUrl": "https://dig82prjykzgf.cloudfront.net/t04.jpg",
      "iconUrl":
        "https://pyt-images.imgix.net/images/web_app/about/milestones/icons/home.png",
      "title": "Every hive needs a bee",
      "period": "May 2014",
      "description":
        "We got our first employee, a multi-tasking travel consultant. Little did we realise that we will turn 30-strong soon"
    },
    {
      "imageUrl": "https://dig82prjykzgf.cloudfront.net/t05.jpg",
      "iconUrl":
        "https://pyt-images.imgix.net/images/web_app/about/milestones/icons/trophy.png",
      "title": "Our First award",
      "period": "Oct 2014",
      "description":
        "We were under the limelight during the Tech Sparks Awards 2014. Listed among the top ten felt brilliant!"
    },
    {
      "imageUrl": "https://dig82prjykzgf.cloudfront.net/t07.jpg",
      "iconUrl":
        "https://pyt-images.imgix.net/images/web_app/about/milestones/icons/map.png",
      "title": "300!",
      "period": "Aug 2015",
      "description":
        "Took a breather, counted, and realized we had crafted 300 trails. 300 happy stories! This is SPARTAA!"
    },
    {
      "imageUrl": "https://dig82prjykzgf.cloudfront.net/t11.jpg",
      "iconUrl":
        "https://pyt-images.imgix.net/images/web_app/about/milestones/icons/trophy.png",
      "title": "A 'Phocus'-ed Milestone",
      "period": "May 2016",
      "description":
        "We were one amongst the 'Top 10 travel innovators' at the Phocuswright Asia-Pacific Travel Innovation Summit 2016!"
    },
    {
      "imageUrl": "https://dig82prjykzgf.cloudfront.net/t12.jpg",
      "iconUrl":
        "https://pyt-images.imgix.net/images/web_app/about/milestones/icons/heart.png",
      "title": "Officially an Aussie Specialist! ",
      "period": "Oct 2016",
      "description":
        "Oi, we were recognized as an Aussie Specialist, mate! We are now the official consultants to OZ!"
    },
    {
      "imageUrl": "https://pyt-images.imgix.net/images/misc/t16.jpg",
      "iconUrl":
        "https://pyt-images.imgix.net/images/web_app/about/milestones/icons/heart-blue.png",
      "title": "First love from the press",
      "period": "Apr 2017",
      "description":
        "From being favourite startups for YourStory and Techinasia to being featured in the Times of India, Economic Times, and EnTracker - we felt loved!"
    },
    {
      "imageUrl": "https://pyt-images.imgix.net/images/misc/t17.jpg",
      "iconUrl":
        "https://pyt-images.imgix.net/images/web_app/about/milestones/icons/thumbup.png",
      "title": "The Google-BCG Bang!",
      "period": "Jun 2017",
      "description":
        "We have arrived! The Google-BCG Travel Trends Report of 2017 called us the benchmark in the industry for our comprehensive customer experience!"
    },
    {
      "imageUrl": "https://pyt-images.imgix.net/images/misc/t18.jpg",
      "iconUrl":
        "https://pyt-images.imgix.net/images/web_app/about/milestones/icons/map.png",
      "title": "Crafting our story in Tamil",
      "period": "Aug 2017",
      "description":
        "5000 trips in 3 years at a growth rate of 120% - Yourstory celebrates our success story with a comprehensive Tamil article. Our happiness grew in bounds!"
    },
    {
      "imageUrl": "https://pyt-images.imgix.net/images/misc/t19.jpg",
      "iconUrl":
        "https://pyt-images.imgix.net/images/web_app/about/milestones/icons/trophy.png",
      "title": "Yes! Travel Boutique Award",
      "period": "Feb 2018",
      "description":
        "We started the new year in style. Travel Boutique Online awards us for being the best performing travel partner. This catapulted us in doing great sales throughout the month."
    },
    {
      "imageUrl": "https://pyt-images.imgix.net/images/misc/t20.jpg",
      "iconUrl":
        "https://pyt-images.imgix.net/images/web_app/about/milestones/icons/trophy.png",
      "title": "On cloud nine!",
      "period": "Feb 2018",
      "description":
        "We were ecstatic after winning the 'Most Innovative Travel Startup' award at the Travel Tech Launchpad Summit organized by FICCI. The momentum kept flowing and we hit our highest converts."
    },
    {
      "imageUrl": "https://pyt-images.imgix.net/images/misc/t23.jpg",
      "iconUrl":
        "https://pyt-images.imgix.net/images/web_app/about/milestones/icons/trophy.png",
      "title": "We won the TiECON award!",
      "period": "Oct 2018",
      "description":
        "We were awarded the ‘Start-up of the year’ at the TiECON awards. Excited and award-thirsty to win more with your support!"
    },
    {
      "imageUrl":
        "https://pyt-images.imgix.net/images/web_app/about/milestones/pytlogo.jpg",
      "iconUrl":
        "https://pyt-images.imgix.net/images/web_app/about/milestones/icons/pyt.png",
      "title": "Unwrap the world",
      "period": "Jan 2019",
      "description":
        "We got into the 'New year, new us' groove and came up with a brand new logo. Take a guess on what it symbolizes maybe?"
    },
    {
      "imageUrl":
        "https://pyt-images.imgix.net/images/web_app/about/milestones/new-office.jpg",
      "iconUrl":
        "https://pyt-images.imgix.net/images/web_app/about/milestones/icons/home.png",
      "title": "We believe in transparency",
      "period": "Jan 2019",
      "description":
        "With 90+ employees bringing out the best in them, we found a new home. Glass walls, desks to write and what not?"
    },
    {
      "imageUrl":
        "https://pyt-images.imgix.net/images/web_app/about/milestones/wwmib.jpg",
      "iconUrl":
        "https://pyt-images.imgix.net/images/web_app/about/milestones/icons/map.png",
      "title": "Not just a number!",
      "period": "Jan 2019",
      "description": "8000 trails! Yes!! The only way forward is up, my friend."
    }
  ]
}
